term,coef,exp_coef
intercept,-3.9642357053226336,0.018982539323319312
speeding_ratio,1.0605755894906441,2.8880328322992916
hard_braking_count_per_100km,0.008673115566415842,1.0087108360056094
harsh_acceleration_count_per_100km,0.0056476225341995845,1.0056636004192034
night_event_ratio,0.9652447617386383,2.62543018269464
bad_weather_event_ratio,-0.25270991966130324,0.7766931525616108
phone_usage_count,-0.15931899635964047,0.8527242996311101
